{
  "LightGBM": {
    "best_params": {
      "n_estimators": 150,
      "max_depth": 5,
      "num_leaves": 19,
      "min_child_samples": 10,
      "learning_rate": 0.023936633482810128,
      "reg_alpha": 0.4584178441999844,
      "reg_lambda": 0.6507003037352304,
      "min_split_gain": 0.056717842859994136,
      "subsample": 0.7499322160987819,
      "colsample_bytree": 0.6116232596029682
    },
    "best_score": 0.8473625140291807,
    "baseline_score": 0.8181818181818182,
    "improvement": 0.029180695847362492
  },
  "GradientBoosting": {
    "best_params": {
      "n_estimators": 94,
      "max_depth": 5,
      "learning_rate": 0.051617761957090294,
      "min_samples_split": 17,
      "min_samples_leaf": 9,
      "subsample": 0.7763476477885389,
      "max_features": null
    },
    "best_score": 0.8552188552188552,
    "baseline_score": 0.8338945005611672,
    "improvement": 0.021324354657688005
  },
  "RandomForest": {
    "best_params": {
      "n_estimators": 132,
      "max_depth": 9,
      "min_samples_split": 16,
      "min_samples_leaf": 1,
      "max_features": null,
      "bootstrap": true
    },
    "best_score": 0.8473625140291807,
    "baseline_score": 0.8338945005611672,
    "improvement": 0.013468013468013518
  }
}